Close,Date
7276.6298828125,2015-01-05
7277.740234375,2015-01-06
7309.7001953125,2015-01-07
7367.6298828125,2015-01-08
7402.72021484375,2015-01-09
7358.35986328125,2015-01-12
7399.0,2015-01-13
7490.8798828125,2015-01-14
7485.31982421875,2015-01-19
7452.81005859375,2015-01-20
7474.10009765625,2015-01-21
7416.31005859375,2015-01-22
7548.93017578125,2015-01-23
7586.669921875,2015-01-26
7630.56982421875,2015-01-27
7661.18017578125,2015-01-28
7617.2998046875,2015-01-29
7689.91015625,2015-01-30
7630.7099609375,2015-02-02
7613.14990234375,2015-02-03
7716.06005859375,2015-02-04
7674.240234375,2015-02-05
7728.18017578125,2015-02-06
7782.56982421875,2015-02-09
7723.14013671875,2015-02-10
7686.43017578125,2015-02-11
7714.5498046875,2015-02-12
7773.4501953125,2015-02-13
7784.64990234375,2015-02-16
7793.39990234375,2015-02-17
7803.4501953125,2015-02-18
7825.39013671875,2015-02-20
7826.06982421875,2015-02-23
7834.85986328125,2015-02-24
7844.06005859375,2015-02-25
7764.39013671875,2015-02-26
7730.56982421875,2015-02-27
7773.919921875,2015-03-02
7776.509765625,2015-03-03
7847.830078125,2015-03-04
7819.0400390625,2015-03-05
7861.330078125,2015-03-06
7820.2900390625,2015-03-09
7828.47998046875,2015-03-10
7790.7001953125,2015-03-11
7839.81982421875,2015-03-12
7809.5400390625,2015-03-13
7730.9501953125,2015-03-16
7789.10009765625,2015-03-17
7756.580078125,2015-03-18
7814.5498046875,2015-03-19
7818.3798828125,2015-03-20
7840.490234375,2015-03-23
7828.93994140625,2015-03-24
7836.33984375,2015-03-25
7871.10009765625,2015-03-26
7877.9599609375,2015-03-27
7899.41015625,2015-03-30
7940.490234375,2015-03-31
7993.08984375,2015-04-01
8053.740234375,2015-04-06
8098.68017578125,2015-04-07
8052.68994140625,2015-04-08
8127.47998046875,2015-04-10
8073.25,2015-04-13
8056.490234375,2015-04-14
7906.4599609375,2015-04-15
7948.2001953125,2015-04-16
7946.89013671875,2015-04-17
7865.27001953125,2015-04-20
7846.93994140625,2015-04-21
7833.02978515625,2015-04-22
7892.0498046875,2015-04-23
7947.25,2015-04-24
7958.06982421875,2015-04-27
7886.56982421875,2015-04-28
7825.47021484375,2015-04-29
7714.81982421875,2015-04-30
7816.43994140625,2015-05-04
7919.2099609375,2015-05-05
7873.64013671875,2015-05-06
7816.27001953125,2015-05-07
7763.2099609375,2015-05-08
7777.89990234375,2015-05-11
7794.5498046875,2015-05-12
7808.35009765625,2015-05-13
7831.43994140625,2015-05-14
7881.9501953125,2015-05-15
7910.43017578125,2015-05-18
7871.31005859375,2015-05-19
7881.93017578125,2015-05-20
7835.3798828125,2015-05-21
7810.169921875,2015-05-22
7761.52978515625,2015-05-25
7728.5,2015-05-26
7598.7001953125,2015-05-27
7505.02978515625,2015-05-28
7580.4599609375,2015-05-29
7670.3701171875,2015-06-01
7551.9599609375,2015-06-02
7561.669921875,2015-06-03
7553.64990234375,2015-06-04
7526.7001953125,2015-06-05
7484.89013671875,2015-06-08
7323.43994140625,2015-06-09
7384.27001953125,2015-06-10
7503.72021484375,2015-06-11
7456.16015625,2015-06-15
7505.47998046875,2015-06-16
7536.31005859375,2015-06-17
7606.85986328125,2015-06-18
7601.169921875,2015-06-19
7609.14013671875,2015-06-22
7551.56005859375,2015-06-23
7643.330078125,2015-06-24
7581.91015625,2015-06-25
7622.0498046875,2015-06-26
7567.3798828125,2015-06-29
7564.5,2015-06-30
7575.14990234375,2015-07-01
7578.31005859375,2015-07-02
7535.2998046875,2015-07-03
7455.14990234375,2015-07-06
7442.64990234375,2015-07-07
7363.43017578125,2015-07-08
7377.68994140625,2015-07-09
7392.58984375,2015-07-10
7496.330078125,2015-07-13
7538.759765625,2015-07-14
7559.0400390625,2015-07-15
7617.1298828125,2015-07-16
7541.169921875,2015-07-20
7627.9599609375,2015-07-21
7635.6201171875,2015-07-22
7653.22021484375,2015-07-23
7665.52001953125,2015-07-24
7547.43994140625,2015-07-27
7479.02978515625,2015-07-28
7482.830078125,2015-07-29
7510.39013671875,2015-07-30
7550.0,2015-07-31
7573.259765625,2015-08-03
7598.2900390625,2015-08-04
7662.5498046875,2015-08-05
7589.9501953125,2015-08-06
7532.52001953125,2015-08-07
7534.35009765625,2015-08-10
7570.4501953125,2015-08-11
7495.43017578125,2015-08-12
7439.7998046875,2015-08-13
7408.43994140625,2015-08-14
7336.83984375,2015-08-17
7333.4501953125,2015-08-18
7344.72998046875,2015-08-19
7278.97998046875,2015-08-20
6791.009765625,2015-08-24
6830.33984375,2015-08-25
6867.919921875,2015-08-26
7022.08984375,2015-08-27
7098.81005859375,2015-08-28
7086.85986328125,2015-09-01
7072.4599609375,2015-09-02
7098.759765625,2015-09-03
7051.77978515625,2015-09-04
6926.81982421875,2015-09-07
6891.2998046875,2015-09-08
6942.47021484375,2015-09-09
6893.5400390625,2015-09-10
6911.3798828125,2015-09-11
7069.18017578125,2015-09-14
7089.009765625,2015-09-15
7093.919921875,2015-09-16
7123.990234375,2015-09-17
7131.91015625,2015-09-18
7092.41015625,2015-09-21
7051.22998046875,2015-09-22
6926.91015625,2015-09-23
6917.5498046875,2015-09-24
6815.58984375,2015-09-28
6859.2900390625,2015-09-29
6893.97998046875,2015-09-30
6890.93994140625,2015-10-01
6850.60986328125,2015-10-02
6961.93017578125,2015-10-05
7055.490234375,2015-10-06
7108.7998046875,2015-10-07
7106.7900390625,2015-10-08
7138.91015625,2015-10-09
7150.2900390625,2015-10-12
7013.43994140625,2015-10-13
6924.77001953125,2015-10-14
7045.39990234375,2015-10-15
7055.740234375,2015-10-16
7054.85986328125,2015-10-19
7060.85009765625,2015-10-20
7092.89990234375,2015-10-21
7117.77978515625,2015-10-22
7236.3798828125,2015-10-23
7324.39990234375,2015-10-26
7325.759765625,2015-10-27
7289.259765625,2015-10-28
7189.25,2015-10-29
7134.259765625,2015-10-30
7210.72998046875,2015-11-03
7201.02001953125,2015-11-04
7122.4501953125,2015-11-05
7118.2001953125,2015-11-06
7070.18994140625,2015-11-09
7000.10986328125,2015-11-10
6983.72021484375,2015-11-11
6909.81982421875,2015-11-12
6897.77001953125,2015-11-13
6772.919921875,2015-11-16
6825.3798828125,2015-11-17
6932.81005859375,2015-11-20
6996.18994140625,2015-11-23
6992.60009765625,2015-11-24
7059.14013671875,2015-11-25
7063.25,2015-11-26
6927.06982421875,2015-11-27
7060.60009765625,2015-12-01
7047.080078125,2015-12-02
6994.10009765625,2015-12-03
6921.93017578125,2015-12-04
6911.85986328125,2015-12-07
6838.419921875,2015-12-08
6848.25,2015-12-09
6820.60009765625,2015-12-10
6735.009765625,2015-12-11
6745.990234375,2015-12-14
6701.35009765625,2015-12-15
6807.72021484375,2015-12-16
6905.7001953125,2015-12-17
6867.06982421875,2015-12-18
6910.33984375,2015-12-21
6966.18017578125,2015-12-22
7002.419921875,2015-12-23
6983.60986328125,2015-12-28
6952.080078125,2015-12-29
6833.419921875,2016-01-04
6835.1298828125,2016-01-05
6813.89990234375,2016-01-06
6618.8798828125,2016-01-07
6575.43017578125,2016-01-08
6288.259765625,2016-01-11
6330.5498046875,2016-01-12
6494.1298828125,2016-01-13
6408.759765625,2016-01-14
6449.5,2016-01-15
6335.08984375,2016-01-18
6357.0498046875,2016-01-19
6259.60986328125,2016-01-20
6084.27978515625,2016-01-21
6208.0498046875,2016-01-22
6434.080078125,2016-01-25
6311.60009765625,2016-01-26
6507.22021484375,2016-01-27
6563.3798828125,2016-01-28
6687.6201171875,2016-01-29
6701.35986328125,2016-02-01
6642.4501953125,2016-02-02
6521.47998046875,2016-02-03
6652.830078125,2016-02-04
6765.1298828125,2016-02-05
6637.43017578125,2016-02-09
6637.47998046875,2016-02-10
6663.43017578125,2016-02-11
6654.4501953125,2016-02-12
6692.580078125,2016-02-15
6743.9501953125,2016-02-16
6756.81982421875,2016-02-17
6848.8701171875,2016-02-18
6792.06005859375,2016-02-19
6783.080078125,2016-02-22
6819.33984375,2016-02-23
6769.259765625,2016-02-24
6771.2998046875,2016-02-26
6671.0400390625,2016-02-29
6729.52978515625,2016-03-01
6882.4501953125,2016-03-02
6963.43994140625,2016-03-03
6899.06982421875,2016-03-04
6892.68994140625,2016-03-07
6915.509765625,2016-03-08
6948.18017578125,2016-03-09
7048.080078125,2016-03-10
7098.64013671875,2016-03-11
7112.89013671875,2016-03-14
7148.259765625,2016-03-15
7065.39013671875,2016-03-16
7210.89990234375,2016-03-17
7306.740234375,2016-03-18
7376.41015625,2016-03-21
7342.02978515625,2016-03-22
7360.0498046875,2016-03-23
7334.52001953125,2016-03-28
7274.39990234375,2016-03-29
7299.22998046875,2016-03-30
7262.2998046875,2016-03-31
7245.1298828125,2016-04-01
7254.52978515625,2016-04-04
7219.22998046875,2016-04-05
7180.5498046875,2016-04-06
7232.97021484375,2016-04-07
7247.2001953125,2016-04-08
7291.43017578125,2016-04-11
7306.56005859375,2016-04-12
7341.0,2016-04-13
7357.27978515625,2016-04-14
7321.2998046875,2016-04-15
7243.39990234375,2016-04-18
7215.08984375,2016-04-19
7201.3701171875,2016-04-20
7257.85009765625,2016-04-21
7255.39013671875,2016-04-22
7250.1298828125,2016-04-25
7211.919921875,2016-04-26
7180.52978515625,2016-04-27
7162.56005859375,2016-04-28
7159.2900390625,2016-04-29
7053.8798828125,2016-05-02
7046.56982421875,2016-05-03
7081.85986328125,2016-05-04
6999.75,2016-05-05
6991.8701171875,2016-05-06
7174.8798828125,2016-05-10
7396.52001953125,2016-05-11
7325.0400390625,2016-05-12
7436.7900390625,2016-05-13
7511.740234375,2016-05-16
7524.83984375,2016-05-17
7534.2998046875,2016-05-18
7427.330078125,2016-05-19
7299.02978515625,2016-05-20
7306.68994140625,2016-05-23
7356.72021484375,2016-05-24
7463.9501953125,2016-05-25
7376.3798828125,2016-05-26
7411.68017578125,2016-05-27
7464.33984375,2016-05-30
7401.60009765625,2016-05-31
7500.7900390625,2016-06-01
7464.58984375,2016-06-02
7514.22021484375,2016-06-03
7598.22021484375,2016-06-06
7710.5400390625,2016-06-07
7722.7900390625,2016-06-08
7536.64990234375,2016-06-09
7509.93994140625,2016-06-10
7554.39990234375,2016-06-13
7460.1201171875,2016-06-14
7501.64990234375,2016-06-15
7564.47021484375,2016-06-16
7622.06982421875,2016-06-17
7665.330078125,2016-06-20
7767.22998046875,2016-06-21
7756.3701171875,2016-06-22
7729.77978515625,2016-06-23
7629.72021484375,2016-06-24
7715.89990234375,2016-06-27
7666.68994140625,2016-06-28
7798.52978515625,2016-06-29
7796.25,2016-06-30
7830.35009765625,2016-07-01
7846.5400390625,2016-07-04
7808.1298828125,2016-07-05
7753.4599609375,2016-07-07
7771.52001953125,2016-07-08
7865.27001953125,2016-07-11
7937.9501953125,2016-07-12
7944.02001953125,2016-07-13
7956.14013671875,2016-07-14
8030.06005859375,2016-07-15
7986.25,2016-07-18
8036.009765625,2016-07-19
8051.97021484375,2016-07-20
8102.2998046875,2016-07-21
8025.35009765625,2016-07-22
8049.1298828125,2016-07-25
8024.5400390625,2016-07-26
8100.47998046875,2016-07-27
8024.97998046875,2016-07-28
7963.10986328125,2016-07-29
8069.81005859375,2016-08-01
8037.77978515625,2016-08-02
7888.43994140625,2016-08-03
7978.56982421875,2016-08-04
7970.35009765625,2016-08-05
7993.580078125,2016-08-08
8055.06005859375,2016-08-09
8051.39990234375,2016-08-10
7981.35009765625,2016-08-11
7955.85986328125,2016-08-12
7960.169921875,2016-08-15
7983.3798828125,2016-08-16
7946.18994140625,2016-08-17
7952.81005859375,2016-08-18
7930.75,2016-08-19
7981.2099609375,2016-08-22
7935.18017578125,2016-08-23
7866.1298828125,2016-08-24
7854.5400390625,2016-08-25
7845.490234375,2016-08-26
7794.93017578125,2016-08-30
7787.3701171875,2016-08-31
7773.31005859375,2016-09-01
7807.419921875,2016-09-02
7764.0498046875,2016-09-05
7719.18017578125,2016-09-06
7619.10009765625,2016-09-07
7667.06982421875,2016-09-08
7581.7900390625,2016-09-09
7550.27001953125,2016-09-13
7546.009765625,2016-09-14
7708.419921875,2016-09-15
7553.759765625,2016-09-16
7575.83984375,2016-09-19
7671.72021484375,2016-09-20
7675.419921875,2016-09-21
7762.35009765625,2016-09-22
7723.60009765625,2016-09-23
7632.4599609375,2016-09-26
7557.33984375,2016-09-27
7586.9599609375,2016-09-28
7714.85986328125,2016-09-29
7629.72998046875,2016-09-30
7677.72998046875,2016-10-03
7719.240234375,2016-10-04
7639.7900390625,2016-10-05
7620.16015625,2016-10-06
7578.2900390625,2016-10-07
7534.7099609375,2016-10-10
7520.81982421875,2016-10-11
7429.81982421875,2016-10-12
7312.18017578125,2016-10-13
7389.2998046875,2016-10-14
7358.2099609375,2016-10-17
7571.14990234375,2016-10-18
7721.56982421875,2016-10-19
7713.31982421875,2016-10-20
7650.22021484375,2016-10-21
7609.31005859375,2016-10-24
7580.22021484375,2016-10-25
7494.41015625,2016-10-26
7445.14013671875,2016-10-27
7404.7998046875,2016-10-28
7252.39990234375,2016-11-02
7160.91015625,2016-11-03
7227.3701171875,2016-11-04
7197.18994140625,2016-11-07
7307.7998046875,2016-11-08
7119.0400390625,2016-11-09
7181.8701171875,2016-11-10
6975.08984375,2016-11-11
6871.47998046875,2016-11-14
6857.14990234375,2016-11-15
6966.27978515625,2016-11-16
7050.1201171875,2016-11-17
7067.72998046875,2016-11-18
6979.06005859375,2016-11-21
6802.72998046875,2016-11-22
6836.64013671875,2016-11-23
6873.31005859375,2016-11-24
6889.77978515625,2016-11-25
6825.39990234375,2016-11-28
6781.2001953125,2016-11-29
6864.8701171875,2016-12-01
6886.740234375,2016-12-02
6776.41015625,2016-12-05
6806.14013671875,2016-12-06
6866.81005859375,2016-12-07
7022.3798828125,2016-12-08
7043.16015625,2016-12-09
6868.89013671875,2016-12-12
6880.91015625,2016-12-13
6928.33984375,2016-12-14
6855.31005859375,2016-12-15
6850.7099609375,2016-12-16
6714.1298828125,2016-12-19
6658.66015625,2016-12-20
6686.35986328125,2016-12-21
6587.169921875,2016-12-22
6563.669921875,2016-12-23
6658.2001953125,2016-12-27
6846.43994140625,2016-12-28
6840.64013671875,2016-12-29
6861.31005859375,2017-01-03
7030.9501953125,2017-01-04
7209.43994140625,2017-01-05
7248.2001953125,2017-01-06
7276.33984375,2017-01-09
7364.33984375,2017-01-10
7321.81982421875,2017-01-11
7264.5498046875,2017-01-12
7238.52001953125,2017-01-13
7238.4501953125,2017-01-16
7123.330078125,2017-01-17
7156.35986328125,2017-01-18
7246.080078125,2017-01-19
7232.66015625,2017-01-20
7374.35009765625,2017-01-23
7370.64990234375,2017-01-24
7323.35986328125,2017-01-25
7332.64013671875,2017-01-26
7333.669921875,2017-01-27
7336.7099609375,2017-01-30
7229.66015625,2017-01-31
7227.4501953125,2017-02-01
7225.91015625,2017-02-02
7226.7001953125,2017-02-03
7294.39990234375,2017-02-06
7262.64013671875,2017-02-07
7234.81982421875,2017-02-08
7252.66015625,2017-02-09
7235.2099609375,2017-02-10
7294.669921875,2017-02-13
7206.83984375,2017-02-14
7174.2998046875,2017-02-15
7283.25,2017-02-16
7244.7900390625,2017-02-17
7281.18994140625,2017-02-20
7282.68017578125,2017-02-21
7304.4501953125,2017-02-22
7335.56005859375,2017-02-23
7258.990234375,2017-02-24
7232.47021484375,2017-02-27
7212.08984375,2017-02-28
7170.7001953125,2017-03-01
7234.93994140625,2017-03-02
7247.1201171875,2017-03-03
7313.8701171875,2017-03-06
7294.52001953125,2017-03-07
7294.56005859375,2017-03-08
7295.4501953125,2017-03-09
7146.27001953125,2017-03-10
7233.08984375,2017-03-13
7261.75,2017-03-14
7253.7900390625,2017-03-15
7278.60009765625,2017-03-16
7345.02001953125,2017-03-17
7316.56982421875,2017-03-20
7323.31005859375,2017-03-21
7254.93017578125,2017-03-22
7301.02978515625,2017-03-23
7269.6201171875,2017-03-24
7245.97021484375,2017-03-27
7331.4599609375,2017-03-28
7324.0,2017-03-29
7332.58984375,2017-03-30
7311.72021484375,2017-03-31
7341.64990234375,2017-04-03
7446.490234375,2017-04-04
7584.2099609375,2017-04-05
7565.31982421875,2017-04-06
7583.75,2017-04-07
7617.91015625,2017-04-10
7601.39990234375,2017-04-11
7629.64013671875,2017-04-12
7588.52978515625,2017-04-17
7588.97998046875,2017-04-18
7522.97998046875,2017-04-19
7563.4501953125,2017-04-20
7578.16015625,2017-04-21
7588.8798828125,2017-04-24
7700.4599609375,2017-04-25
7726.4501953125,2017-04-26
7661.009765625,2017-04-27
7703.10009765625,2017-05-02
7682.259765625,2017-05-03
7755.75,2017-05-04
7841.990234375,2017-05-05
7962.330078125,2017-05-08
7923.5,2017-05-09
7794.169921875,2017-05-10
7816.39990234375,2017-05-11
7815.52978515625,2017-05-12
7772.93017578125,2017-05-15
7791.06982421875,2017-05-16
7826.52978515625,2017-05-17
7757.68994140625,2017-05-18
7767.6201171875,2017-05-19
7806.56982421875,2017-05-22
7812.14013671875,2017-05-23
7837.81982421875,2017-05-24
7871.64990234375,2017-05-25
7867.490234375,2017-05-26
7886.02978515625,2017-05-29
7860.77001953125,2017-05-30
7837.1201171875,2017-05-31
7927.490234375,2017-06-01
7907.66015625,2017-06-02
8001.3798828125,2017-06-05
7953.1201171875,2017-06-06
8002.31982421875,2017-06-07
7958.6298828125,2017-06-08
7990.240234375,2017-06-09
7917.89013671875,2017-06-13
7966.009765625,2017-06-14
7964.490234375,2017-06-15
7882.22021484375,2017-06-16
7943.75,2017-06-19
7917.85986328125,2017-06-20
7886.3701171875,2017-06-21
7858.33984375,2017-06-22
7814.169921875,2017-06-23
7876.3701171875,2017-06-27
7857.18017578125,2017-06-28
7788.06005859375,2017-06-29
7843.16015625,2017-06-30
7866.52001953125,2017-07-03
7833.9599609375,2017-07-04
7848.83984375,2017-07-05
7888.31005859375,2017-07-06
7889.330078125,2017-07-07
7837.47021484375,2017-07-10
7858.14013671875,2017-07-11
7938.3701171875,2017-07-12
7936.85009765625,2017-07-13
7885.89990234375,2017-07-14
7934.5,2017-07-17
7952.919921875,2017-07-18
7972.89990234375,2017-07-19
7904.33984375,2017-07-20
7989.72998046875,2017-07-21
7962.64013671875,2017-07-24
7971.72021484375,2017-07-25
8037.509765625,2017-07-26
8045.77978515625,2017-07-27
8071.47021484375,2017-07-28
8018.0498046875,2017-07-31
7906.60009765625,2017-08-01
7872.64990234375,2017-08-02
7876.66015625,2017-08-03
7932.81982421875,2017-08-04
7992.27001953125,2017-08-07
7986.509765625,2017-08-08
7985.830078125,2017-08-09
7966.25,2017-08-10
7928.43017578125,2017-08-11
7962.1201171875,2017-08-14
8009.41015625,2017-08-15
8046.58984375,2017-08-16
8072.75,2017-08-17
8016.72998046875,2017-08-18
8016.72998046875,2017-08-21
8015.93017578125,2017-08-22
7998.75,2017-08-23
8004.93017578125,2017-08-24
8015.14013671875,2017-08-25
7948.39013671875,2017-08-29
7956.72998046875,2017-08-30
7958.56982421875,2017-08-31
8049.35009765625,2017-09-05
7983.97021484375,2017-09-06
8022.97998046875,2017-09-07
8022.75,2017-09-08
8049.31005859375,2017-09-11
8053.8798828125,2017-09-13
8144.91015625,2017-09-14
8180.85009765625,2017-09-15
8294.1396484375,2017-09-18
8162.7001953125,2017-09-19
8219.3203125,2017-09-20
8286.8603515625,2017-09-21
8281.26953125,2017-09-22
8244.73046875,2017-09-25
8170.14013671875,2017-09-26
8221.919921875,2017-09-27
8156.0400390625,2017-09-28
8171.43017578125,2017-09-29
8256.2802734375,2017-10-02
8312.9296875,2017-10-03
8344.0498046875,2017-10-04
8294.009765625,2017-10-05
8310.8798828125,2017-10-06
8367.3798828125,2017-10-09
8398.0400390625,2017-10-10
8358.4697265625,2017-10-11
8402.8095703125,2017-10-12
8447.9404296875,2017-10-13
8497.740234375,2017-10-17
8431.73046875,2017-10-18
8487.3701171875,2017-10-19
8420.9501953125,2017-10-20
8348.3203125,2017-10-23
8279.919921875,2017-10-24
8303.349609375,2017-10-25
8267.919921875,2017-10-26
8295.9501953125,2017-10-27
8365.259765625,2017-10-30
8516.01953125,2017-11-02
8376.1298828125,2017-11-03
8523.0703125,2017-11-06
8521.8095703125,2017-11-07
8508.490234375,2017-11-08
8519.8203125,2017-11-09
8433.48046875,2017-11-10
8330.01953125,2017-11-13
8379.6396484375,2017-11-14
8273.4404296875,2017-11-15
8206.4404296875,2017-11-16
8311.080078125,2017-11-17
8321.98046875,2017-11-20
8289.1904296875,2017-11-21
8265.6796875,2017-11-22
8343.23046875,2017-11-23
8365.1103515625,2017-11-24
8361.6904296875,2017-11-27
8291.8798828125,2017-11-28
8254.0302734375,2017-11-29
8254.0302734375,2017-11-30
8144.02001953125,2017-12-01
8084.4501953125,2017-12-04
8093.6298828125,2017-12-05
8129.6201171875,2017-12-06
8174.93017578125,2017-12-07
8304.7001953125,2017-12-08
8358.5703125,2017-12-11
8334.0595703125,2017-12-12
8359.6103515625,2017-12-13
8461.0595703125,2017-12-14
8337.0400390625,2017-12-15
8422.8203125,2017-12-18
8365.9599609375,2017-12-19
8362.6103515625,2017-12-20
8378.2802734375,2017-12-21
8432.3095703125,2017-12-22
8490.91015625,2017-12-27
8535.08984375,2017-12-28
8558.419921875,2017-12-29
8724.1298828125,2018-01-03
8739.830078125,2018-01-04
8770.0,2018-01-05
8745.1201171875,2018-01-08
8923.7197265625,2018-01-09
8920.2900390625,2018-01-10
8813.25,2018-01-11
8814.6201171875,2018-01-12
8857.7197265625,2018-01-15
8865.1298828125,2018-01-16
8848.990234375,2018-01-17
8820.740234375,2018-01-18
8915.919921875,2018-01-19
8950.6201171875,2018-01-22
8999.01953125,2018-01-23
8920.23046875,2018-01-24
8999.169921875,2018-01-25
9041.2001953125,2018-01-26
9058.6201171875,2018-01-29
8910.48046875,2018-01-30
8764.009765625,2018-01-31
8738.7197265625,2018-02-01
8810.75,2018-02-02
8616.0,2018-02-05
8550.419921875,2018-02-06
8667.5595703125,2018-02-07
8645.080078125,2018-02-08
8503.6904296875,2018-02-09
8487.91015625,2018-02-12
8570.1396484375,2018-02-13
8598.1103515625,2018-02-14
8612.4404296875,2018-02-15
8710.2197265625,2018-02-19
8722.7001953125,2018-02-20
8613.650390625,2018-02-21
8515.5703125,2018-02-22
8467.5595703125,2018-02-23
8499.98046875,2018-02-26
8592.3798828125,2018-02-27
8475.2900390625,2018-02-28
8465.76953125,2018-03-01
8458.5703125,2018-03-02
8386.169921875,2018-03-05
8360.2197265625,2018-03-06
8404.6904296875,2018-03-07
8381.849609375,2018-03-08
8372.509765625,2018-03-09
8453.5,2018-03-12
8419.5703125,2018-03-13
8348.740234375,2018-03-14
8190.009765625,2018-03-15
8238.150390625,2018-03-16
8235.5400390625,2018-03-19
8059.60009765625,2018-03-20
7909.06982421875,2018-03-21
8124.4501953125,2018-03-22
7970.7998046875,2018-03-23
7932.3798828125,2018-03-26
8047.02978515625,2018-03-27
7979.830078125,2018-03-28
8039.4501953125,2018-04-02
8048.72021484375,2018-04-03
7997.669921875,2018-04-04
8022.16015625,2018-04-05
7945.66015625,2018-04-06
7934.68017578125,2018-04-10
7943.93017578125,2018-04-11
8043.06982421875,2018-04-12
7899.97998046875,2018-04-13
7870.25,2018-04-16
7723.39013671875,2018-04-17
7793.1298828125,2018-04-18
7682.240234375,2018-04-19
7726.72021484375,2018-04-20
7719.47021484375,2018-04-23
7600.35986328125,2018-04-24
7557.91015625,2018-04-25
7617.419921875,2018-04-26
7721.02001953125,2018-04-27
7819.25,2018-04-30
7736.06982421875,2018-05-02
7535.10009765625,2018-05-03
7546.18994140625,2018-05-04
7533.27978515625,2018-05-07
7577.56982421875,2018-05-08
7555.27001953125,2018-05-09
7571.0,2018-05-10
7752.10986328125,2018-05-11
7885.97021484375,2018-05-15
7869.56005859375,2018-05-16
7694.1201171875,2018-05-17
7672.27978515625,2018-05-18
7658.0498046875,2018-05-21
7646.2001953125,2018-05-22
7560.47021484375,2018-05-23
7652.52978515625,2018-05-24
7647.509765625,2018-05-25
7642.89990234375,2018-05-28
7602.35986328125,2018-05-29
7470.14013671875,2018-05-30
7497.169921875,2018-05-31
7630.259765625,2018-06-01
7579.60986328125,2018-06-04
7685.759765625,2018-06-05
7689.14013671875,2018-06-06
7803.31005859375,2018-06-07
7740.740234375,2018-06-08
7771.2998046875,2018-06-11
7602.97998046875,2018-06-13
7529.5400390625,2018-06-14
7414.10986328125,2018-06-18
7312.60986328125,2018-06-19
7261.6201171875,2018-06-20
7098.14990234375,2018-06-21
7063.2001953125,2018-06-22
6986.8798828125,2018-06-25
7007.2099609375,2018-06-26
7176.43017578125,2018-06-27
7066.56982421875,2018-06-28
7193.68017578125,2018-06-29
7227.9599609375,2018-07-02
7267.33984375,2018-07-03
7348.419921875,2018-07-04
7233.56982421875,2018-07-05
7186.7099609375,2018-07-06
7186.6201171875,2018-07-09
7233.2900390625,2018-07-10
7333.72998046875,2018-07-11
7350.580078125,2018-07-12
7399.18017578125,2018-07-13
7369.43994140625,2018-07-16
7381.68017578125,2018-07-17
7451.3701171875,2018-07-18
7387.8701171875,2018-07-19
7399.60986328125,2018-07-20
7376.7998046875,2018-07-23
7447.02001953125,2018-07-24
7514.0,2018-07-25
7665.85009765625,2018-07-26
7701.3798828125,2018-07-27
7773.31982421875,2018-07-30
7672.0,2018-07-31
7838.22021484375,2018-08-01
7759.5498046875,2018-08-02
7819.39013671875,2018-08-03
7817.31005859375,2018-08-06
7725.85009765625,2018-08-07
7851.4599609375,2018-08-08
7820.7099609375,2018-08-09
7804.97998046875,2018-08-10
7635.27001953125,2018-08-13
7527.77978515625,2018-08-14
7540.919921875,2018-08-15
7517.35986328125,2018-08-16
7583.52001953125,2018-08-17
7500.52978515625,2018-08-20
7632.259765625,2018-08-22
7804.02978515625,2018-08-23
7766.47021484375,2018-08-24
7844.60986328125,2018-08-28
7830.9599609375,2018-08-29
7853.16015625,2018-08-30
7855.7099609375,2018-08-31
7832.22021484375,2018-09-03
7881.81982421875,2018-09-04
7752.27001953125,2018-09-05
7638.7099609375,2018-09-06
7598.64013671875,2018-09-07
7596.14990234375,2018-09-10
7518.009765625,2018-09-11
7449.2001953125,2018-09-12
7517.3701171875,2018-09-13
7413.14990234375,2018-09-14
7413.56005859375,2018-09-17
7286.33984375,2018-09-18
7221.22998046875,2018-09-19
7134.72998046875,2018-09-20
7383.0,2018-09-21
7433.60986328125,2018-09-24
7332.169921875,2018-09-25
7268.2099609375,2018-09-26
7320.58984375,2018-09-27
7276.81982421875,2018-09-28
7222.080078125,2018-10-01
7132.35986328125,2018-10-02
7210.8701171875,2018-10-03
7093.33984375,2018-10-04
7078.2001953125,2018-10-05
7050.81982421875,2018-10-08
7059.3798828125,2018-10-09
7001.14013671875,2018-10-10
6884.3798828125,2018-10-11
7004.77001953125,2018-10-12
6926.509765625,2018-10-15
6987.02001953125,2018-10-16
7099.68017578125,2018-10-17
7141.25,2018-10-18
7151.52001953125,2018-10-19
7236.16015625,2018-10-22
7197.6201171875,2018-10-23
7129.419921875,2018-10-24
6966.83984375,2018-10-25
7064.330078125,2018-10-26
7109.02978515625,2018-10-29
7016.06005859375,2018-10-30
7140.2900390625,2018-10-31
7213.43994140625,2018-11-05
7180.10986328125,2018-11-06
7133.93017578125,2018-11-07
7006.5400390625,2018-11-08
6968.81982421875,2018-11-09
6926.2001953125,2018-11-12
6843.830078125,2018-11-13
6923.080078125,2018-11-14
6952.58984375,2018-11-15
7083.33984375,2018-11-16
7270.259765625,2018-11-19
7302.93994140625,2018-11-20
7265.4501953125,2018-11-21
7268.3798828125,2018-11-22
7340.18017578125,2018-11-23
7397.8701171875,2018-11-26
7413.6298828125,2018-11-27
7382.43017578125,2018-11-28
7367.85009765625,2018-11-29
7532.89990234375,2018-12-03
7703.919921875,2018-12-04
7630.89990234375,2018-12-05
7535.31982421875,2018-12-06
7461.06005859375,2018-12-07
7348.2099609375,2018-12-10
7451.080078125,2018-12-11
7488.240234375,2018-12-12
7522.919921875,2018-12-13
7524.3701171875,2018-12-14
7520.39990234375,2018-12-17
7420.39990234375,2018-12-18
7579.6201171875,2018-12-19
7563.41015625,2018-12-20
7479.7099609375,2018-12-21
7450.009765625,2018-12-26
7482.66015625,2018-12-27
7466.02001953125,2018-12-28
7489.2001953125,2019-01-02
7680.60009765625,2019-01-03
7761.10986328125,2019-01-04
7787.66015625,2019-01-07
7702.1201171875,2019-01-08
7855.22021484375,2019-01-09
7985.22998046875,2019-01-10
7904.08984375,2019-01-11
8024.14013671875,2019-01-14
8013.419921875,2019-01-15
7864.7001953125,2019-01-16
7927.2001953125,2019-01-17
8047.1201171875,2019-01-18
8007.4599609375,2019-01-21
8008.669921875,2019-01-22
7989.64990234375,2019-01-23
8064.89990234375,2019-01-24
8053.2001953125,2019-01-25
8053.919921875,2019-01-28
8050.81982421875,2019-01-29
7979.9501953125,2019-01-30
8007.47998046875,2019-01-31
8144.16015625,2019-02-01
8069.47998046875,2019-02-04
8058.4501953125,2019-02-06
8100.2998046875,2019-02-07
8070.89013671875,2019-02-08
8061.5400390625,2019-02-11
8009.919921875,2019-02-12
7920.240234375,2019-02-13
7991.25,2019-02-14
7908.89013671875,2019-02-15
7910.580078125,2019-02-18
7833.75,2019-02-19
7939.240234375,2019-02-20
7931.2998046875,2019-02-21
7962.1298828125,2019-02-22
7988.16015625,2019-02-26
7889.1201171875,2019-02-27
7705.490234375,2019-02-28
7641.77001953125,2019-03-01
7675.47021484375,2019-03-04
7670.6201171875,2019-03-05
7821.33984375,2019-03-06
7881.7900390625,2019-03-07
7797.10986328125,2019-03-08
7708.72021484375,2019-03-11
7747.5400390625,2019-03-12
7766.14990234375,2019-03-13
7750.419921875,2019-03-14
7798.27978515625,2019-03-15
7873.02001953125,2019-03-18
7843.41015625,2019-03-19
7858.2001953125,2019-03-20
7954.72021484375,2019-03-21
8013.419921875,2019-03-22
7863.02001953125,2019-03-25
7907.02978515625,2019-03-26
7861.0498046875,2019-03-27
7876.39990234375,2019-03-28
7920.93017578125,2019-03-29
7840.31005859375,2019-04-01
7879.2099609375,2019-04-02
7895.06005859375,2019-04-03
7854.1298828125,2019-04-04
7873.18017578125,2019-04-05
7915.6298828125,2019-04-08
8008.52978515625,2019-04-10
7955.7998046875,2019-04-11
7880.81982421875,2019-04-12
7787.97998046875,2019-04-15
7826.4599609375,2019-04-16
7835.14990234375,2019-04-17
7832.43017578125,2019-04-22
7818.93017578125,2019-04-23
7846.990234375,2019-04-24
7894.4501953125,2019-04-25
7868.27978515625,2019-04-26
7897.02001953125,2019-04-29
7952.72021484375,2019-04-30
8001.56982421875,2019-05-02
7967.97998046875,2019-05-03
7862.2998046875,2019-05-06
7910.6298828125,2019-05-07
7926.68994140625,2019-05-08
7755.6201171875,2019-05-09
7742.2001953125,2019-05-10
7646.66015625,2019-05-14
7576.7099609375,2019-05-15
7475.16015625,2019-05-16
7583.81982421875,2019-05-17
7660.14013671875,2019-05-20
7721.56005859375,2019-05-21
7815.06982421875,2019-05-22
7804.02978515625,2019-05-23
7747.08984375,2019-05-24
7725.009765625,2019-05-27
7761.2900390625,2019-05-28
7797.75,2019-05-29
7836.5498046875,2019-05-30
7970.02001953125,2019-05-31
8084.8798828125,2019-06-03
7945.3701171875,2019-06-04
7959.85986328125,2019-06-06
7983.97998046875,2019-06-07
8045.39013671875,2019-06-10
8030.97998046875,2019-06-11
8051.759765625,2019-06-13
7990.2001953125,2019-06-14
7908.990234375,2019-06-17
7922.0400390625,2019-06-18
8017.009765625,2019-06-19
8022.419921875,2019-06-20
8055.47021484375,2019-06-21
8060.580078125,2019-06-24
8034.08984375,2019-06-25
8013.56982421875,2019-06-26
8057.64013671875,2019-06-27
7999.7099609375,2019-06-28
8043.7099609375,2019-07-01
8093.60009765625,2019-07-02
8092.68017578125,2019-07-03
8064.919921875,2019-07-04
8117.93994140625,2019-07-05
8051.52001953125,2019-07-08
8042.0400390625,2019-07-09
8078.2099609375,2019-07-10
8154.490234375,2019-07-11
8141.81982421875,2019-07-12
8365.2900390625,2019-07-15
8263.5703125,2019-07-16
8233.48046875,2019-07-17
8258.0498046875,2019-07-18
8270.0703125,2019-07-19
8246.830078125,2019-07-22
8251.4599609375,2019-07-23
8161.490234375,2019-07-24
8272.1796875,2019-07-25
8183.990234375,2019-07-26
8188.52001953125,2019-07-29
8150.4599609375,2019-07-30
8045.7998046875,2019-07-31
8098.16015625,2019-08-01
8129.93017578125,2019-08-02
7890.02001953125,2019-08-05
7766.75,2019-08-06
7917.39013671875,2019-08-07
7914.16015625,2019-08-08
7854.39013671875,2019-08-09
7788.4501953125,2019-08-13
7858.64990234375,2019-08-14
7828.85986328125,2019-08-15
7795.97998046875,2019-08-16
7938.35009765625,2019-08-19
7886.91015625,2019-08-20
7848.830078125,2019-08-22
7889.41015625,2019-08-23
7747.3798828125,2019-08-27
7847.5,2019-08-28
7892.81005859375,2019-08-29
7979.66015625,2019-08-30
7918.52978515625,2019-09-02
7804.7099609375,2019-09-03
7840.85986328125,2019-09-04
7898.18994140625,2019-09-05
7933.47021484375,2019-09-06
7960.1201171875,2019-09-09
7929.47998046875,2019-09-10
7967.89990234375,2019-09-11
7944.43017578125,2019-09-12
7992.31982421875,2019-09-13
7996.89990234375,2019-09-16
7932.22998046875,2019-09-17
7915.2900390625,2019-09-18
7911.31982421875,2019-09-19
7871.10986328125,2019-09-20
7867.509765625,2019-09-23
7893.93994140625,2019-09-24
7896.240234375,2019-09-25
7896.47998046875,2019-09-26
7819.22021484375,2019-09-27
7779.06982421875,2019-09-30
7739.85986328125,2019-10-01
7610.68017578125,2019-10-02
7545.5498046875,2019-10-03
7704.60009765625,2019-10-04
7683.22021484375,2019-10-07
7756.72021484375,2019-10-08
7681.25,2019-10-09
7765.02978515625,2019-10-10
7849.93994140625,2019-10-11
7884.2900390625,2019-10-14
7840.31005859375,2019-10-15
7915.2998046875,2019-10-16
7930.5498046875,2019-10-17
7885.22998046875,2019-10-18
7891.1298828125,2019-10-21
7955.240234375,2019-10-22
7933.759765625,2019-10-23
7950.97998046875,2019-10-24
7922.5,2019-10-25
7946.52978515625,2019-10-28
7991.18994140625,2019-10-29
8020.06005859375,2019-10-30
7977.1201171875,2019-10-31
8059.64990234375,2019-11-04
8104.85009765625,2019-11-05
8025.8798828125,2019-11-06
8073.81005859375,2019-11-07
8065.759765625,2019-11-08
8009.3798828125,2019-11-11
8012.33984375,2019-11-12
7947.47021484375,2019-11-13
7933.7099609375,2019-11-14
7932.9599609375,2019-11-15
7880.93994140625,2019-11-18
7912.14013671875,2019-11-19
7898.06005859375,2019-11-20
7818.89013671875,2019-11-21
7818.89013671875,2019-11-22
7771.6201171875,2019-11-25
7707.7998046875,2019-11-26
7836.89013671875,2019-11-27
7768.66015625,2019-11-28
7738.9599609375,2019-11-29
7877.18994140625,2019-12-02
7855.18017578125,2019-12-03
7815.93017578125,2019-12-04
7790.91015625,2019-12-05
7801.72021484375,2019-12-06
7779.7998046875,2019-12-09
7736.18017578125,2019-12-10
7786.41015625,2019-12-11
7741.06982421875,2019-12-12
7877.6298828125,2019-12-13
7701.60009765625,2019-12-16
7730.4501953125,2019-12-17
7733.669921875,2019-12-18
7653.93994140625,2019-12-19
7773.1201171875,2019-12-20
7872.60009765625,2019-12-23
7842.27978515625,2019-12-26
7815.259765625,2019-12-27
7742.52978515625,2020-01-02
7839.7900390625,2020-01-03
7797.8701171875,2020-01-06
7840.7001953125,2020-01-07
7736.240234375,2020-01-08
7797.64013671875,2020-01-09
7776.77001953125,2020-01-10
7793.25,2020-01-14
7664.39990234375,2020-01-15
7653.18017578125,2020-01-16
7722.580078125,2020-01-17
7552.60009765625,2020-01-20
7466.64990234375,2020-01-21
7468.72998046875,2020-01-22
7616.35009765625,2020-01-23
7623.41015625,2020-01-24
7587.6298828125,2020-01-27
7468.7001953125,2020-01-28
7462.31005859375,2020-01-29
7392.68017578125,2020-01-30
7200.7900390625,2020-01-31
7137.02978515625,2020-02-03
7226.89990234375,2020-02-04
7352.85009765625,2020-02-05
7506.2099609375,2020-02-06
7507.2001953125,2020-02-07
7430.85986328125,2020-02-10
7439.39990234375,2020-02-11
7383.10009765625,2020-02-12
7403.1201171875,2020-02-13
7282.0,2020-02-14
7326.85009765625,2020-02-17
7322.89013671875,2020-02-18
7396.93994140625,2020-02-19
7413.0,2020-02-20
7369.77978515625,2020-02-21
7187.43994140625,2020-02-24
6909.83984375,2020-02-26
6967.83984375,2020-02-27
6787.91015625,2020-02-28
6749.27978515625,2020-03-02
6790.5400390625,2020-03-03
6867.259765625,2020-03-04
6884.77001953125,2020-03-05
6770.3798828125,2020-03-06
6312.60986328125,2020-03-09
6318.3798828125,2020-03-10
6353.259765625,2020-03-11
5736.27001953125,2020-03-12
5793.93994140625,2020-03-13
5335.3701171875,2020-03-16
4623.419921875,2020-03-19
4778.759765625,2020-03-20
4743.3701171875,2020-03-23
4774.27001953125,2020-03-24
5027.759765625,2020-03-25
5401.580078125,2020-03-26
5266.6201171875,2020-03-27
5131.16015625,2020-03-30
5321.22998046875,2020-03-31
5408.52001953125,2020-04-01
5342.31005859375,2020-04-02
5346.97021484375,2020-04-03
5570.81005859375,2020-04-06
5650.009765625,2020-04-07
5510.830078125,2020-04-08
5610.97998046875,2020-04-13
5780.8798828125,2020-04-14
5946.0498046875,2020-04-15
5525.60009765625,2020-04-16
5789.97021484375,2020-04-17
5733.64990234375,2020-04-20
5592.25,2020-04-21
5573.75,2020-04-22
5599.5498046875,2020-04-23
5464.97998046875,2020-04-24
5450.4501953125,2020-04-27
5574.97998046875,2020-04-28
5643.97021484375,2020-04-29
5700.7099609375,2020-04-30
5572.08984375,2020-05-04
5671.669921875,2020-05-05
5639.27001953125,2020-05-06
5653.16015625,2020-05-07
5621.93994140625,2020-05-08
5667.93017578125,2020-05-11
5651.669921875,2020-05-12
5626.25,2020-05-13
5654.7001953125,2020-05-14
5654.7001953125,2020-05-15
5479.35009765625,2020-05-18
5555.85009765625,2020-05-19
5581.9599609375,2020-05-20
5604.490234375,2020-05-21
5604.490234375,2020-05-22
5496.830078125,2020-05-26
5523.77978515625,2020-05-27
5570.22021484375,2020-05-28
5838.83984375,2020-05-29
5930.169921875,2020-06-01
6025.169921875,2020-06-02
6245.64990234375,2020-06-03
6517.490234375,2020-06-04
6465.1298828125,2020-06-05
6514.0,2020-06-08
6583.83984375,2020-06-09
6439.3701171875,2020-06-10
6476.240234375,2020-06-11
6163.81982421875,2020-06-15
6281.75,2020-06-16
6282.009765625,2020-06-17
6348.4501953125,2020-06-18
6315.06982421875,2020-06-19
6347.43017578125,2020-06-22
6297.77978515625,2020-06-23
6188.830078125,2020-06-24
6118.259765625,2020-06-25
6191.83984375,2020-06-26
6105.18017578125,2020-06-29
6207.72021484375,2020-06-30
6209.7099609375,2020-07-01
6364.080078125,2020-07-02
6372.66015625,2020-07-03
6328.41015625,2020-07-06
6267.39990234375,2020-07-07
6285.5,2020-07-08
6192.580078125,2020-07-09
6197.3798828125,2020-07-10
6172.56982421875,2020-07-13
6172.81005859375,2020-07-14
6016.509765625,2020-07-15
6147.66015625,2020-07-16
6088.75,2020-07-17
6150.7001953125,2020-07-20
6136.31005859375,2020-07-21
6064.259765625,2020-07-22
6029.009765625,2020-07-23
6003.259765625,2020-07-24
5860.93994140625,2020-07-27
5927.10986328125,2020-07-28
5966.27001953125,2020-07-29
5928.4501953125,2020-07-30
5715.919921875,2020-08-03
5775.5,2020-08-04
5833.580078125,2020-08-05
5902.580078125,2020-08-06
5846.02001953125,2020-08-07
5930.919921875,2020-08-10
5953.93994140625,2020-08-11
5995.0,2020-08-12
6097.77978515625,2020-08-13
6076.91015625,2020-08-14
6068.77978515625,2020-08-17
6156.4501953125,2020-08-18
6042.1201171875,2020-08-19
6005.39990234375,2020-08-20
5943.580078125,2020-08-24
5953.43994140625,2020-08-25
5931.330078125,2020-08-26
5921.5498046875,2020-08-27
5884.18017578125,2020-08-28
5799.240234375,2020-09-01
5738.39013671875,2020-09-02
5772.85986328125,2020-09-03
5785.08984375,2020-09-04
5935.85009765625,2020-09-07
6034.02978515625,2020-09-08
5932.83984375,2020-09-09
5902.39013671875,2020-09-10
5967.9599609375,2020-09-11
5997.14013671875,2020-09-14
6018.2099609375,2020-09-15
5946.6201171875,2020-09-16
5943.52001953125,2020-09-17
5908.89990234375,2020-09-18
5909.31982421875,2020-09-21
5894.27978515625,2020-09-22
5892.72021484375,2020-09-23
5845.7998046875,2020-09-24
5838.66015625,2020-09-25
5861.39013671875,2020-09-28
5841.60009765625,2020-09-29
5864.22998046875,2020-09-30
5944.8701171875,2020-10-01
5999.39990234375,2020-10-02
5938.9501953125,2020-10-05
5910.64013671875,2020-10-06
5867.8798828125,2020-10-07
5942.66015625,2020-10-08
5931.60986328125,2020-10-09
5937.0498046875,2020-10-12
5923.22998046875,2020-10-13
5925.2998046875,2020-10-14
5938.330078125,2020-10-15
5898.47021484375,2020-10-16
6019.259765625,2020-10-19
6112.7099609375,2020-10-20
6278.58984375,2020-10-21
6344.6298828125,2020-10-22
6484.06005859375,2020-10-23
6491.18994140625,2020-10-26
6415.080078125,2020-10-27
6377.7900390625,2020-10-28
6249.39013671875,2020-10-29
6324.0,2020-10-30
6335.56005859375,2020-11-03
6464.0498046875,2020-11-04
6644.77001953125,2020-11-05
6685.68994140625,2020-11-06
6685.85009765625,2020-11-09
7035.47998046875,2020-11-10
7024.259765625,2020-11-11
6969.8798828125,2020-11-13
6918.0498046875,2020-11-16
6959.14013671875,2020-11-17
7051.77978515625,2020-11-18
6997.6201171875,2020-11-19
7169.7900390625,2020-11-20
7178.6201171875,2020-11-23
7108.669921875,2020-11-24
7001.509765625,2020-11-25
6927.75,2020-11-26
6791.4599609375,2020-11-27
7009.56005859375,2020-12-01
7080.6201171875,2020-12-02
7194.1298828125,2020-12-03
7134.56005859375,2020-12-04
7203.669921875,2020-12-07
7102.66015625,2020-12-09
7154.43017578125,2020-12-10
7246.16015625,2020-12-11
7281.35009765625,2020-12-14
7227.72998046875,2020-12-15
7299.7001953125,2020-12-16
7298.02001953125,2020-12-17
7272.7998046875,2020-12-18
7224.89013671875,2020-12-21
7202.39013671875,2020-12-22
7204.3798828125,2020-12-23
7204.3798828125,2020-12-24
7122.25,2020-12-28
7139.7099609375,2020-12-29
7197.5,2021-01-04
7134.18017578125,2021-01-05
7047.85009765625,2021-01-06
7119.60986328125,2021-01-07
7289.8798828125,2021-01-08
7304.7900390625,2021-01-11
7258.10986328125,2021-01-12
7242.85009765625,2021-01-13
7273.14990234375,2021-01-14
7238.4599609375,2021-01-15
7203.43994140625,2021-01-18
7198.4501953125,2021-01-19
7143.2998046875,2021-01-20
7140.2900390625,2021-01-21
7045.830078125,2021-01-22
7071.5,2021-01-25
6977.16015625,2021-01-26
6863.60986328125,2021-01-27
6851.83984375,2021-01-28
6612.6201171875,2021-01-29
6814.759765625,2021-02-01
6867.8798828125,2021-02-02
6859.4599609375,2021-02-03
6903.75,2021-02-04
7019.18017578125,2021-02-05
7024.47998046875,2021-02-08
7065.5498046875,2021-02-09
7082.14990234375,2021-02-10
6991.009765625,2021-02-11
6959.2099609375,2021-02-15
7044.06005859375,2021-02-16
6966.43017578125,2021-02-17
6849.64013671875,2021-02-18
6926.41015625,2021-02-19
6810.33984375,2021-02-22
6814.669921875,2021-02-23
6755.9501953125,2021-02-24
6794.85986328125,2021-02-26
6872.97021484375,2021-03-01
6919.5400390625,2021-03-02
6942.759765625,2021-03-03
6882.490234375,2021-03-04
6881.3701171875,2021-03-05
6756.919921875,2021-03-08
6766.830078125,2021-03-09
6808.31982421875,2021-03-10
6719.18017578125,2021-03-11
6728.5498046875,2021-03-12
6552.4599609375,2021-03-15
6559.080078125,2021-03-16
6566.830078125,2021-03-17
6630.85009765625,2021-03-18
6436.10009765625,2021-03-19
6395.169921875,2021-03-22
6446.35009765625,2021-03-23
6497.009765625,2021-03-24
6581.0,2021-03-25
6544.6298828125,2021-03-26
6607.77978515625,2021-03-29
6545.5498046875,2021-03-30
6443.08984375,2021-03-31
6495.14990234375,2021-04-05
6590.10986328125,2021-04-06
6651.7099609375,2021-04-07
6545.169921875,2021-04-08
6518.64013671875,2021-04-12
6457.7900390625,2021-04-13
6523.2099609375,2021-04-14
6539.9599609375,2021-04-15
6494.81005859375,2021-04-16
6459.759765625,2021-04-19
6500.419921875,2021-04-20
6439.39013671875,2021-04-21
6415.52978515625,2021-04-22
6378.06982421875,2021-04-23
6389.3798828125,2021-04-26
6356.47021484375,2021-04-27
6469.14013671875,2021-04-28
6487.509765625,2021-04-29
6370.8701171875,2021-04-30
6369.27978515625,2021-05-03
6359.14990234375,2021-05-04
6299.68994140625,2021-05-05
6282.77978515625,2021-05-06
6258.7099609375,2021-05-07
6317.41015625,2021-05-10
6326.830078125,2021-05-11
6236.39990234375,2021-05-12
6269.35986328125,2021-05-14
6283.580078125,2021-05-17
6244.740234375,2021-05-18
6245.7099609375,2021-05-19
6197.64013671875,2021-05-20
6199.25,2021-05-21
6164.89013671875,2021-05-24
6196.7099609375,2021-05-25
6341.240234375,2021-05-26
6665.14013671875,2021-05-27
6674.509765625,2021-05-28
6628.490234375,2021-05-31
6627.43017578125,2021-06-01
6841.68994140625,2021-06-02
6791.8701171875,2021-06-03
6796.33984375,2021-06-04
6763.919921875,2021-06-07
6809.72021484375,2021-06-08
6902.5400390625,2021-06-09
6875.7099609375,2021-06-10
6907.7900390625,2021-06-11
6917.490234375,2021-06-14
6976.72998046875,2021-06-15
6973.35009765625,2021-06-16
6887.919921875,2021-06-17
6851.3798828125,2021-06-18
6827.169921875,2021-06-21
6870.41015625,2021-06-22
6918.41015625,2021-06-23
6886.0,2021-06-24
6950.509765625,2021-06-25
6937.9599609375,2021-06-28
6956.64990234375,2021-06-29
6901.91015625,2021-06-30
6964.009765625,2021-07-01
7002.259765625,2021-07-02
7036.3798828125,2021-07-05
6992.43017578125,2021-07-06
6943.0,2021-07-07
6924.990234375,2021-07-08
6834.919921875,2021-07-09
6913.8701171875,2021-07-12
6795.1298828125,2021-07-13
6835.41015625,2021-07-14
6727.93017578125,2021-07-15
6693.830078125,2021-07-16
6587.2001953125,2021-07-19
6476.2099609375,2021-07-21
6576.6201171875,2021-07-22
6520.740234375,2021-07-23
6372.60986328125,2021-07-26
6522.580078125,2021-07-27
6473.02978515625,2021-07-28
6496.52978515625,2021-07-29
6270.22998046875,2021-07-30
6446.31005859375,2021-08-02
6560.06005859375,2021-08-03
6585.2099609375,2021-08-04
6547.27001953125,2021-08-05
6539.91015625,2021-08-06
6632.56982421875,2021-08-09
6623.22998046875,2021-08-10
6666.85986328125,2021-08-11
6556.56982421875,2021-08-12
6320.18994140625,2021-08-13
6513.68017578125,2021-08-16
6561.41015625,2021-08-17
6680.18017578125,2021-08-18
6718.509765625,2021-08-19
6633.22021484375,2021-08-20
6591.669921875,2021-08-23
6678.81982421875,2021-08-24
6822.14990234375,2021-08-25
6820.52978515625,2021-08-26
6786.6201171875,2021-08-27
6855.43994140625,2021-08-31
6785.93994140625,2021-09-01
6834.66015625,2021-09-02
6897.1298828125,2021-09-03
6877.10009765625,2021-09-06
6912.7099609375,2021-09-07
6949.39013671875,2021-09-08
6924.02001953125,2021-09-09
6970.509765625,2021-09-10
6968.14013671875,2021-09-13
6920.35986328125,2021-09-14
6880.2001953125,2021-09-15
6968.43017578125,2021-09-16
6912.85009765625,2021-09-17
6857.89990234375,2021-09-20
6881.2001953125,2021-09-21
6890.72998046875,2021-09-22
6915.27978515625,2021-09-23
6951.52978515625,2021-09-24
6956.259765625,2021-09-27
6885.35986328125,2021-09-28
6934.10986328125,2021-09-29
6952.8798828125,2021-09-30
6923.60009765625,2021-10-01
6960.89013671875,2021-10-04
6981.240234375,2021-10-05
7057.4501953125,2021-10-06
6951.2998046875,2021-10-07
6906.85986328125,2021-10-08
7124.009765625,2021-10-11
7107.81982421875,2021-10-12
7068.919921875,2021-10-13
7183.10986328125,2021-10-14
7213.4599609375,2021-10-15
7219.81005859375,2021-10-18
7266.31005859375,2021-10-19
7297.080078125,2021-10-20
7311.72021484375,2021-10-21
7289.60986328125,2021-10-22
7211.5400390625,2021-10-25
7252.10009765625,2021-10-26
7230.14990234375,2021-10-27
7157.72998046875,2021-10-28
7054.7001953125,2021-10-29
7106.009765625,2021-11-02
7184.72021484375,2021-11-03
7203.72021484375,2021-11-04
7340.77001953125,2021-11-05
7396.22021484375,2021-11-08
7441.669921875,2021-11-09
7375.68017578125,2021-11-10
7331.64990234375,2021-11-11
7382.83984375,2021-11-12
7342.3701171875,2021-11-15
7367.419921875,2021-11-16
7349.81982421875,2021-11-17
7299.33984375,2021-11-18
7280.56982421875,2021-11-19
7282.669921875,2021-11-22
7401.16015625,2021-11-23
7419.10009765625,2021-11-24
7369.27001953125,2021-11-25
7278.43994140625,2021-11-26
7200.8798828125,2021-11-29
6947.06005859375,2021-12-01
7032.5400390625,2021-12-02
7055.18994140625,2021-12-03
7130.740234375,2021-12-06
7147.2998046875,2021-12-07
7234.919921875,2021-12-09
7192.169921875,2021-12-10
7197.60986328125,2021-12-13
7241.990234375,2021-12-14
7132.580078125,2021-12-15
7233.259765625,2021-12-16
7297.66015625,2021-12-17
7237.60986328125,2021-12-20
7167.06005859375,2021-12-21
7119.18994140625,2021-12-22
7248.0498046875,2021-12-23
7181.85986328125,2021-12-24
7254.7998046875,2021-12-27
7286.56005859375,2021-12-28
7334.56005859375,2021-12-29
7122.6298828125,2021-12-31
7041.27001953125,2022-01-03
7091.39990234375,2022-01-05
7085.52001953125,2022-01-06
7011.10986328125,2022-01-07
7140.669921875,2022-01-10
7085.68994140625,2022-01-11
7215.1298828125,2022-01-12
7307.75,2022-01-13
7261.33984375,2022-01-14
7223.830078125,2022-01-17
7343.9599609375,2022-01-18
7261.5400390625,2022-01-19
7239.27978515625,2022-01-20
7293.52001953125,2022-01-21
7252.64013671875,2022-01-24
7288.2099609375,2022-01-25
7253.60986328125,2022-01-26
7273.52001953125,2022-01-27
7251.97021484375,2022-01-28
7361.64990234375,2022-01-31
7458.990234375,2022-02-02
7382.77001953125,2022-02-03
7456.35009765625,2022-02-04
7380.2998046875,2022-02-07
7458.22998046875,2022-02-08
7502.47998046875,2022-02-09
7432.6201171875,2022-02-10
7270.35986328125,2022-02-11
7361.14990234375,2022-02-14
7309.93994140625,2022-02-15
7452.81982421875,2022-02-16
7438.93017578125,2022-02-17
7418.7900390625,2022-02-18
7372.25,2022-02-21
7440.91015625,2022-02-22
7364.2099609375,2022-02-23
7212.22998046875,2022-02-24
7311.009765625,2022-02-28
7404.60986328125,2022-03-01
7304.02001953125,2022-03-02
7388.08984375,2022-03-03
7342.009765625,2022-03-04
7288.06982421875,2022-03-07
6977.72998046875,2022-03-08
6989.8798828125,2022-03-09
7124.7998046875,2022-03-10
7112.18994140625,2022-03-11
6816.9501953125,2022-03-14
7019.919921875,2022-03-15
7026.4501953125,2022-03-16
7122.4501953125,2022-03-17
7007.6298828125,2022-03-18
6956.60009765625,2022-03-21
7008.93994140625,2022-03-22
7009.43017578125,2022-03-23
7082.60986328125,2022-03-24
7124.83984375,2022-03-25
7134.35986328125,2022-03-28
7115.08984375,2022-03-29
7167.02001953125,2022-03-30
7203.47021484375,2022-03-31
7152.8798828125,2022-04-01
7163.2099609375,2022-04-04
7156.06982421875,2022-04-05
7109.259765625,2022-04-06
6926.02978515625,2022-04-07
7018.02001953125,2022-04-08
6988.2900390625,2022-04-11
6895.35986328125,2022-04-12
6984.89990234375,2022-04-13
6996.10986328125,2022-04-18
7037.740234375,2022-04-19
7142.419921875,2022-04-20
7061.490234375,2022-04-21
6998.58984375,2022-04-22
7020.830078125,2022-04-25
6980.02001953125,2022-04-26
6863.91015625,2022-04-27
6909.4501953125,2022-04-28
6731.25,2022-04-29
6721.080078125,2022-05-02
6802.72998046875,2022-05-04
6868.919921875,2022-05-05
6759.89990234375,2022-05-06
6720.93017578125,2022-05-10
6635.85986328125,2022-05-11
6532.2998046875,2022-05-12
6379.169921875,2022-05-13
6502.1201171875,2022-05-16
6594.66015625,2022-05-17
6727.60009765625,2022-05-18
6660.0498046875,2022-05-19
6746.330078125,2022-05-20
6687.85009765625,2022-05-23
6577.4501953125,2022-05-24
6597.759765625,2022-05-25
6645.52001953125,2022-05-26
6726.14013671875,2022-05-27
6822.31982421875,2022-05-30
6774.68017578125,2022-05-31
6712.2099609375,2022-06-01
6686.830078125,2022-06-02
6741.39990234375,2022-06-03
6716.8798828125,2022-06-06
6754.009765625,2022-06-07
6769.6201171875,2022-06-08
6758.58984375,2022-06-09
6530.0400390625,2022-06-10
6467.009765625,2022-06-13
6474.52978515625,2022-06-14
6319.419921875,2022-06-15
6393.009765625,2022-06-16
6331.56005859375,2022-06-17
6333.93994140625,2022-06-20
6285.18994140625,2022-06-21
6168.0,2022-06-22
6065.22998046875,2022-06-23
6217.56005859375,2022-06-24
6238.81982421875,2022-06-27
6345.41015625,2022-06-28
6303.18994140625,2022-06-29
6155.43017578125,2022-06-30
6165.35009765625,2022-07-01
6183.6201171875,2022-07-04
6309.990234375,2022-07-05
6445.009765625,2022-07-06
6352.31982421875,2022-07-07
6361.81982421875,2022-07-08
6388.64013671875,2022-07-11
6349.93994140625,2022-07-12
6255.3701171875,2022-07-13
6248.1298828125,2022-07-14
6195.259765625,2022-07-15
6268.77978515625,2022-07-18
6286.240234375,2022-07-19
6274.7998046875,2022-07-20
6256.169921875,2022-07-21
6263.39013671875,2022-07-22
6209.52978515625,2022-07-25
6223.0,2022-07-26
6236.759765625,2022-07-27
6379.259765625,2022-07-28
6315.93017578125,2022-07-29
6312.02978515625,2022-08-01
6362.2998046875,2022-08-02
6430.080078125,2022-08-03
6483.10986328125,2022-08-04
6405.5,2022-08-05
6434.240234375,2022-08-08
6468.97021484375,2022-08-09
6471.83984375,2022-08-10
6680.68017578125,2022-08-11
6699.66015625,2022-08-12
6737.83984375,2022-08-15
6850.64013671875,2022-08-16
6818.990234375,2022-08-17
6824.6298828125,2022-08-18
6863.85986328125,2022-08-19
6704.41015625,2022-08-22
6618.3798828125,2022-08-23
6643.4501953125,2022-08-24
6706.43017578125,2022-08-25
6752.5,2022-08-26
6690.27001953125,2022-08-30
6583.64990234375,2022-08-31
6588.27978515625,2022-09-01
6692.64990234375,2022-09-02
6676.0400390625,2022-09-05
6709.60009765625,2022-09-06
6554.080078125,2022-09-07
6593.740234375,2022-09-08
6606.0,2022-09-09
6715.75,2022-09-12
6701.81005859375,2022-09-13
6582.85986328125,2022-09-14
6575.669921875,2022-09-15
6548.77001953125,2022-09-16
6437.419921875,2022-09-19
6448.4599609375,2022-09-20
6341.68994140625,2022-09-21
6301.7099609375,2022-09-22
6259.5400390625,2022-09-23
6020.06982421875,2022-09-27
5879.68017578125,2022-09-28
5934.25,2022-09-29
5741.06982421875,2022-09-30
5783.14990234375,2022-10-03
5987.72021484375,2022-10-04
5988.58984375,2022-10-05
5934.27001953125,2022-10-06
5932.18994140625,2022-10-07
5832.580078125,2022-10-10
5847.3701171875,2022-10-11
5853.6298828125,2022-10-12
5895.64013671875,2022-10-13
5904.75,2022-10-14
5970.330078125,2022-10-17
6128.64013671875,2022-10-18
6148.31005859375,2022-10-19
6055.990234375,2022-10-20
5983.56005859375,2022-10-21
6028.7900390625,2022-10-24
6073.41015625,2022-10-25
6121.52978515625,2022-10-26
6230.580078125,2022-10-27
6153.43017578125,2022-10-28
6206.240234375,2022-11-02
6156.10986328125,2022-11-03
6185.52978515625,2022-11-04
6295.580078125,2022-11-07
6289.10009765625,2022-11-08
6241.68017578125,2022-11-09
6167.56982421875,2022-11-10
6286.77001953125,2022-11-11
6354.759765625,2022-11-14
6418.93994140625,2022-11-15
6392.08984375,2022-11-16
6403.740234375,2022-11-17
6437.3798828125,2022-11-18
6403.240234375,2022-11-21
6429.64990234375,2022-11-22
6510.31982421875,2022-11-23
6530.509765625,2022-11-24
6606.93994140625,2022-11-25
6681.47021484375,2022-11-28
6780.77978515625,2022-11-29
6734.08984375,2022-12-01
6489.64990234375,2022-12-02
6442.1298828125,2022-12-05
6674.3798828125,2022-12-06
6525.16015625,2022-12-07
6580.1201171875,2022-12-09
6585.2001953125,2022-12-12
6582.3798828125,2022-12-13
6615.06982421875,2022-12-14
6566.7998046875,2022-12-15
6496.5,2022-12-16
6414.27001953125,2022-12-19
6458.1201171875,2022-12-20
6520.7998046875,2022-12-21
6576.93994140625,2022-12-22
6541.02978515625,2022-12-23
6564.89990234375,2022-12-27
6566.5400390625,2022-12-28
6566.39013671875,2022-12-29
6586.009765625,2023-01-03
6718.5,2023-01-04
6761.330078125,2023-01-05
6667.97021484375,2023-01-06
6790.240234375,2023-01-09
6756.68994140625,2023-01-10
6709.33984375,2023-01-11
6833.52978515625,2023-01-12
6951.5400390625,2023-01-13
7045.47998046875,2023-01-16
7014.0400390625,2023-01-17
7094.85986328125,2023-01-18
7062.009765625,2023-01-19
7056.6201171875,2023-01-20
7069.68017578125,2023-01-23
7041.5,2023-01-24
7081.35986328125,2023-01-25
7042.7001953125,2023-01-26
7052.16015625,2023-01-27
6970.97021484375,2023-01-30
6793.25,2023-01-31
7035.759765625,2023-02-01
6986.18994140625,2023-02-02
7027.3798828125,2023-02-03
6936.60986328125,2023-02-06
6881.259765625,2023-02-07
6923.080078125,2023-02-08
6842.7900390625,2023-02-09
6876.7900390625,2023-02-10
6838.75,2023-02-13
6791.240234375,2023-02-14
6822.08984375,2023-02-15
6815.91015625,2023-02-16
6779.02001953125,2023-02-17
6744.1201171875,2023-02-20
6800.9599609375,2023-02-21
6699.22998046875,2023-02-22
6685.89990234375,2023-02-23
6685.89990234375,2023-02-24
6599.33984375,2023-02-27
6556.2001953125,2023-02-28
6607.1298828125,2023-03-01
6622.4501953125,2023-03-02
6655.3701171875,2023-03-03
6671.1201171875,2023-03-06
6705.1201171875,2023-03-07
6711.490234375,2023-03-08
6609.27001953125,2023-03-09
6589.8798828125,2023-03-10
6544.4501953125,2023-03-13
6393.330078125,2023-03-14
6466.10009765625,2023-03-15
6404.91015625,2023-03-16
6469.72021484375,2023-03-17
6451.02001953125,2023-03-20
6530.75,2023-03-21
6546.27001953125,2023-03-22
6536.35986328125,2023-03-23
6602.169921875,2023-03-24
6595.02978515625,2023-03-27
6603.14990234375,2023-03-28
6630.97021484375,2023-03-29
6644.75,2023-03-30
6499.68017578125,2023-03-31
6529.990234375,2023-04-03
6472.0400390625,2023-04-04
6488.509765625,2023-04-05
6479.6298828125,2023-04-11
6469.419921875,2023-04-12
